L1,Al,As,Cd,Cr,Cu,Fe,Hg,Ni,Pb,V,Zn,TBT,PCB28,PCB52,PCB77,PCB81,PCB101,PCB118,PCB126,PCB128,PCB138,PCB153,PCB156,PCB169,PCB180,Somma DDD,Somma DDE,Somma DDT,Clordano,Aldrin,Dieldrin,Endrin,aHCH,bHCH,gHCH Lindano,Eptacloro epossido,HCB,Idrocarburi C 12,Naftalene,Antracene,Fenantrene,Acenaftilene,Acenaftene,Fluorene,Fluorantene,Pirene,Benzo antracene,Crisene,Benzo fluorantene,Benzo pirene,Benzo fluorantene,Indeno pirene,Benzo perilene,Dibenzo antracene,Somma_IPA_16
MEDIO,1085.29411764706,8.04647058823529,0.079705882352941,4.02352941176471,13.4411764705882,15791.1764705882,-1,16.9647058823529,12.4517647058824,38.3352941176471,46.9411764705882,15.9180570135747,-1,0.155,-1,-1,0.267,0.226,-1,,0.431,0.491,-1,-1,0.261,0.4025,0.3311,1.1581,-1,-1,-1,-1,-1,-1,-1,-1,0.05,-1,2.088,7.078,18.064,0.772,2.672,3.894,53.396,54.582,14.618,16.918,18.151,17.632,17.651,17.064,13.447,3.762,261.789
ALTO,1208.31707317073,8.89695121951219,0.12530487804878,5.67317073170732,11.890243902439,15640.243902439,-1,21.2439024390244,12.4951219512195,23.0219512195122,45.030487804878,10.0289617070332,0.199,0.175,-1,-1,0.203,0.198,-1,,0.393,0.486,-1,-1,0.207,0.9158,0.4602,3.7037,-1,-1,-1,-1,-1,-1,-1,-1,0.07,-1,2.034,3.22,11.769,0.724,1.148,2.939,22.919,24.401,8.159,10.247,12.449,10.605,10.181,11.848,10.084,2.567,145.294
ASSENTE,3866.02339181287,7.47397660818714,0.070175438596491,6.1812865497076,11.6081871345029,11561.4035087719,0.042865497076023,17.953216374269,4.65964912280702,29.2149122807018,37.3099415204678,0.680259184560931,0.284,0.21,0.05,0.05,0.234,0.164,0.05,0.05,0.258,0.349,0.05,0.05,0.126,0.2445,0.2249,0.5371,0,0,0,0,0,0,0,0,0,11.4,0.195,1.684,9.687,2.825,0.648,9.685,0.213,26.156,9.194,10.486,12.471,10.771,10.991,11.23,10.69,2.597,129.523
ASSENTE,932.030303030303,10.7875757575758,0.046060606060606,2.34242424242424,4.21212121212121,6212.12121212121,0.037212121212121,7.84848484848485,1.63393939393939,15.8315151515152,10.2424242424242,0.28,0.05,0.05,0.05,0.05,0.05,0.05,0.05,0.05,0.05,0.05,0.05,0.05,0.05,0.0203,0.0354,0.0387,0,0,0,0,0,0,0,0,0,0,6.606,1.035,12.264,1.336,1.327,16.8,2.174,6.93,1.061,4.303,1.948,1.57,1.703,1.556,1.77,0.443,62.826
ASSENTE,2063.16455696202,6.97879746835443,0.057278481012658,2.74367088607595,3.86075949367089,5680.37974683544,0.037974683544304,8.0379746835443,1.70854430379747,13.3882911392405,9.58860759493671,0.45,0.17,0.148,0.05,0.05,0.05,0.05,0.05,0.05,0.05,0.05,0.05,0.05,0.05,0,0,0.0652,0,0,0,0,0,0,0,0,0,0,0.1,0.1,4.737,0.1,0.242,4.662,0.338,1.07,0.1,0.443,0.1,0.1,0.1,0.1,0.1,0.1,12.492
ASSENTE,1227.15133531157,7.76290801186944,0.0486646884273,2.93768545994065,4.65875370919881,6023.73887240356,0.034480712166172,9.40652818991098,1.98456973293769,15.0611275964392,12.0178041543027,0.38,0.135,0.163,0.05,0.05,0.05,0.05,0.05,0.05,0.05,0.05,0.05,0.05,0.05,0.1815,0.0499,0.1379,0,0,0,0,0,0,0,0,0,0,0.1,0.3,8.357,0.579,0.431,6.659,1.937,1.918,0.79,4.426,2.469,1.358,2.218,1.013,0.939,0.225,33.719
ALTO,1414.8785046729,7.64610591900312,0.107788161993769,5.4404984423676,16.1993769470405,20009.3457943925,-1,23.7258566978193,9.66479750778816,28.2068535825545,51.588785046729,10.1118136467609,0.31,0.21,-1,-1,0.241,0.199,-1,,-1,-1,-1,-1,-1,1.2007,0.827,2.2283,0.0312,-1,-1,-1,-1,-1,-1,-1,0.08,-1,0.741,2.893,14.717,0.65,1.002,3.193,41.956,48.421,10.246,12.51,20.783,15.381,14.779,15.562,11.863,3.714,218.411
ALTO,1221.50157728707,6.77444794952681,0.086750788643533,4.55015772870662,104.763406940063,19432.1766561514,0.004858044164038,18.5993690851735,14.1577287066246,38.6637223974763,54.5425867507886,5.72449117407515,0.192,0.136,-1,-1,0.226,0.255,-1,,0.353,0.556,-1,-1,0.239,0.6847,0.4814,1.7048,0.0267,-1,-1,-1,-1,-1,-1,-1,0.08,16000,0.733,3.306,11.445,0.87,0.8,3.26,35.272,39.091,11.803,14.773,20.369,18.747,16.776,25.201,20.235,4.978,227.659
ASSENTE,1801.66666666667,7.36369047619048,0.036607142857143,4,2.97619047619048,7157.73809523809,0.03577380952381,10.4464285714286,1.67172619047619,18.6419642857143,11.6964285714286,0.87,0.118,0.152,0.05,0.05,0.05,0.05,0.05,0.05,0.05,0.05,0.05,0.05,0.05,0,0.0205,0.0896,0,0,0,0,0,0,0,0,0,0,6.638,0.1,2.162,0.721,0.1,9.746,0.318,0.5,0.1,0.1,0.204,0.1,0.1,0.1,0.1,0.1,21.189
MEDIO,2462.67045454545,9.31875,0.056818181818182,4.97727272727273,8.69318181818182,9477.27272727273,0.046647727272727,14.6590909090909,3.99517045454545,25.2068181818182,25.9375,14.4037392000481,0.863,0.347,0.05,0.05,0.245,0.232,0.05,0.05,0.479,0.656,0.05,0.05,0.305,0.4931,0.2593,0.7295,0,0,0,0,0,0,0,0,0,0,6.472,1.858,14.431,113.078,0.856,22.3,0.742,24.101,7.871,10.226,11.122,10.026,11.371,10.089,10.216,1.916,256.675
BASSO,1452.03821656051,11.3388535031847,0.052866242038217,2.88853503184713,3.66242038216561,6554.14012738854,0.041146496815287,9.77707006369427,2.06273885350318,16.8614649681529,10.3821656050955,7.01,0.134,0.177,0.05,0.05,0.05,0.05,0.05,0.05,0.05,0.05,0.05,0.05,0.05,0.0445,0.0358,0.0891,0,0,0,0,0,0,0,0,0,0,6.862,0.1,4.056,8.748,0.793,2.559,1.067,1.416,0.433,0.8,0.888,0.587,0.811,0.691,0.727,0.1,30.638
ASSENTE,1198.77906976744,8.69767441860465,0.045058139534884,2.72383720930233,2.87790697674419,6258.72093023256,0.036104651162791,7.90697674418605,1.54360465116279,14.5311046511628,8.54651162790698,1.02,0.201,0.111,0.05,0.05,0.05,0.05,0.05,0.05,0.05,0.05,0.05,0.05,0.05,0,0,0.0675,0,0,0,0,0,0,0,0,0,0,2.269,0.1,3.843,0.1,0.681,8.139,0.74,0.779,0.26,0.429,0.357,0.272,0.25,0.227,0.254,0.1,18.8
ASSENTE,1159.46587537092,6.92818991097923,0.048071216617211,2.77448071216617,3.08605341246291,10454.0059347181,0.038100890207715,7.62611275964392,1.76498516320475,13.1504451038576,8.21958456973294,1.42,0.05,0.11,0.05,0.05,0.05,0.05,0.05,0.05,0.05,0.05,0.05,0.05,0.05,0.0222,0.0227,0.0673,0,0,0,0,0,0,0,0,0,0,5.608,0.1,1.375,0.1,1.083,4.438,0.201,0.38,0.1,0.1,0.1,0.1,0.1,0.1,0.1,0.1,14.085
ASSENTE,2199.16426512968,6.66512968299712,0.047838616714697,4.71181556195965,3.45821325648415,6244.95677233429,0.033487031700288,8.32853025936599,1.84870317002882,20.3279538904899,9.07780979827089,0.79,0.05,0.11,0.05,0.05,0.05,0.05,0.05,0.05,0.05,0.05,0.05,0.05,0.05,0,0,0.0928,0,0,0,0,0,0,0,0,0,0,9.653,0.1,2.7,1.66,1.435,1.087,0.313,0.625,0.1,0.222,0.21,0.1,0.1,0.1,0.1,0.1,18.605
MEDIO,1354.40729483283,6.35471124620061,0.096960486322188,5.23525835866261,15.2887537993921,19352.5835866261,-1,24.7781155015198,9.73860182370821,25.7650455927052,50.4863221884498,8.13459869250302,-1,0.217,-1,-1,0.313,0.279,-1,,0.422,0.542,-1,-1,0.216,0.8986,0.5587,0.9084,0.0243,-1,-1,-1,-1,-1,-1,-1,0.03,15000,1.4,8.44,18.559,1.953,2.184,5.875,40.749,42.786,20.74,25.938,35.733,26.328,25.978,42.671,27.878,8.493,335.705
ALTO,2007.675,7.044375,0.1015625,5.13,18.25,19715.625,0.0044375,18.95,15.0625,36.654375,63.4375,29.7872923535646,0.189,0.155,-1,-1,0.174,0.301,-1,,0.384,0.468,-1,-1,0.3,0.4674,0.3461,1.3601,-1,-1,-1,-1,-1,-1,-1,-1,0.06,12000,0.326,5.088,13.429,2.307,1.421,5.403,47.821,50.949,14.15,17.233,23.04,21.235,20.571,28.225,20.372,5.312,276.882
BASSO,2983.69186046512,10.1369186046512,0.048837209302326,4.29651162790698,5.05813953488372,7255.81395348837,0.040988372093023,10.6104651162791,2.82005813953488,18.3686046511628,13.2558139534884,1.98398579399943,0.05,0.149,0.05,0.05,0.05,0.05,0.05,0.05,0.05,0.05,0.05,0.05,0.05,0.1022,0.0527,0.1515,0,0,0,0,0,0,0,0,0,0,0.234,1.4,44.598,0.1,2.632,39.3,5.268,19.364,2.606,11.759,3.429,3.607,3.613,3.859,3.449,0.78,145.998
ASSENTE,1024.50980392157,10.693137254902,0.036928104575163,3.66993464052288,4.08496732026144,5830.06535947713,0.045686274509804,7.97385620915033,1.82156862745098,14.8160130718954,5.88235294117647,1.22589572852871,0.157,0.132,0.05,0.05,0.05,0.05,0.05,0.05,0.05,0.117,0.05,0.05,0.05,0,0.0221,0.0673,0,0,0,0,0,0,0,0,0,0,3.251,0.1,4.433,0.596,3.633,17.096,0.544,0.535,0.1,0.379,0.472,0.1,0.371,0.228,0.258,0.1,32.196
ASSENTE,1091.0941475827,9.44961832061069,0.044020356234097,3.02035623409669,3.74045801526718,6129.77099236641,0.033384223918575,4.07124681933842,2.29516539440204,16.3765903307888,8.9058524173028,0.557976897031214,0.144,0.113,0.05,0.05,0.05,0.05,0.05,0.05,0.05,0.05,0.05,0.05,0.05,0.0308,0,0.0696,0,0,0,0,0,0,0,0,0,0,6.97,0.1,5.458,0.276,3,5.298,0.329,0.349,0.1,0.1,0.1,0.1,0.1,0.1,0.1,0.1,22.58
ASSENTE,967.453416149069,7.62422360248447,0.045962732919255,8.28260869565217,3.29192546583851,5571.42857142857,0.037701863354037,7.73291925465839,2.06521739130435,13.6049689440994,7.63975155279503,0.650012222640576,0.128,0.11,0.05,0.05,0.05,0.05,0.05,0.05,0.05,0.102,0.05,0.05,0.158,0,0,0.0688,0,0,0,0,0,0,0,0,0,0,7.877,0.1,4.069,1.709,1.86,3.262,0.437,0.635,0.1,0.376,0.269,0.1,0.21,0.1,0.1,0.1,21.304
MOLTO ALTO,1005.81595092025,8.77944785276074,0.093558282208589,4.30429447852761,11.1963190184049,18260.736196319,0.000920245398773,21.840490797546,17.6834355828221,26.5153374233129,50.5828220858896,19.4291657053273,-1,0.18,-1,-1,0.231,0.208,-1,,0.247,0.346,-1,-1,0.079,2.1134,1.7316,6.2102,0.1217,-1,-1,-1,0.03,-1,0.06,-1,0.25,5000,0.248,19.108,32.197,15.574,2.388,10.865,127.008,125.003,44.434,45.68,61.217,57.261,59.609,47.937,37.386,10.101,696.016
MEDIO,1317.15909090909,6.54573863636364,0.106818181818182,5.39090909090909,12.6704545454545,15960.2272727273,-1,22.6136363636364,12.1045454545455,26.4727272727273,57.3863636363636,9.7809780525797,2.243,1.507,-1,-1,1.355,1.135,-1,,1.55,1.865,0.222,-1,0.733,0.6336,0.3808,1.3118,0.029,-1,-1,-1,-1,-1,-1,-1,0.06,19000,1.816,5.524,20.692,4.054,2.643,10.455,33.755,38.969,10.047,13.723,25.82,16.297,18.583,20.282,16.117,5.289,244.066
ASSENTE,2572.83378746594,7.74604904632153,0.035694822888283,2.06539509536785,3.7874659400545,8822.88828337875,0.031280653950954,11.1444141689373,2.26294277929155,25.1705722070845,13.433242506812,0.734387184945576,0.05,0.113,0.05,0.05,0.05,0.05,0.05,0.05,0.05,0.05,0.05,0.05,0.05,0.0377,0,0.1561,0,0,0,0,0,0,0,0,0,12500,6.235,0.1,4.221,0.664,0.1,2.111,0.464,0.528,0.1,0.222,0.245,0.1,0.1,0.1,0.227,0.1,15.617
MEDIO,4530.41916167665,8.47814371257485,0.067365269461078,4.48502994011976,13.8323353293413,13805.3892215569,0.065269461077844,20.7784431137725,6.43083832335329,33.8556886227545,33.7724550898204,2.0055772197418,0.229,0.148,0.05,0.05,0.129,0.05,0.05,0.05,0.199,0.287,0.05,0.05,0.13,0.5763,0.1575,0.6988,0,0,0,0,0,0,0,0,0,24300,0.1,7.791,41.1,2.616,2.728,13.211,56.594,62.831,31.936,35.117,39.531,43.609,42.751,38.841,36.165,7.349,462.27
MEDIO,2077.6397515528,10.3326086956522,0.066459627329193,6.66149068322981,21.0869565217391,22838.5093167702,0.049751552795031,4.6583850931677,7.48757763975155,51.1795031055901,46.3354037267081,1.51299126705311,0.194,0.132,0.05,0.05,0.05,0.05,0.05,0.05,0.141,0.186,0.05,0.05,0.05,0,0,4.1131,0,0,0,0,0,0,0,0,0,6800,0.83,0.1,4.804,0.1,0.1,2.743,0.495,0.449,0.1,0.1,0.208,0.1,0.1,0.1,0.224,0.1,10.653
ASSENTE,1864.36923076923,9.66092307692308,0.049846153846154,3.96307692307692,4.03076923076923,8236.92307692308,0.0528,11.0153846153846,3.12246153846154,19.0132307692308,9.81538461538461,1.20174973286788,0.133,0.124,0.05,0.05,0.05,0.05,0.05,0.05,0.05,0.05,0.05,0.05,0.05,0,0,0.056,0,0,0,0,0,0,0,0,0,0,1.142,0.1,3.963,0.1,0.1,1.549,0.579,0.699,0.258,0.365,0.574,0.331,0.481,0.422,0.525,0.1,11.288
ASSENTE,1101.46706586826,9.8059880239521,0.045808383233533,4.11976047904192,2.78443113772455,6170.65868263473,0.037065868263473,7.84431137724551,2.00329341317365,16.2946107784431,7.9940119760479,2.03185764301728,0.102,0.1,0.05,0.05,0.05,0.05,0.05,0.05,0.05,0.05,0.05,0.05,0.05,0,0,0.049,0,0,0,0,0,0,0,0,0,0,1.466,0.1,2.692,0.1,0.1,5.394,0.397,0.469,0.1,0.1,0.1,0.1,0.1,0.1,0.1,0.1,11.518
ASSENTE,1675.2427184466,8.27928802588997,0.046278317152104,6.81553398058252,2.88025889967638,13582.5242718447,0.040582524271845,7.83171521035599,2.24012944983819,15.6294498381877,6.69902912621359,2.05969772571217,0.182,0.176,0.05,0.05,0.05,0.05,0.05,0.05,0.05,0.05,0.05,0.05,0.017,0,0,0.0574,0,0,0,0,0,0,0,0,0,6900,2.714,0.22,20.661,0.329,7.91,7.488,1.953,1.132,0.1,0.24,0.1,0.1,0.1,0.1,0.1,0.1,43.347
ASSENTE,1724.46153846154,7.48087912087912,0.04021978021978,5.40659340659341,2.3956043956044,6004.39560439561,0.025142857142857,8.3956043956044,1.93516483516484,18.1973626373626,7.53846153846154,0.839392188835865,0.05,0.05,0.05,0.05,0.05,0.05,0.05,0.05,0.05,0.05,0.05,0.05,0.05,0,0,0.0591,0,0,0,0,0,0,0,0,0,5500,0.1,0.1,3.139,0.1,0.1,1.173,0.351,0.374,0.1,0.1,0.1,0.1,0.1,0.1,0.1,0.1,6.237
MOLTO ALTO,1952.20189274448,7.04921135646688,0.146056782334385,7.46750788643533,21.7034700315457,21854.8895899054,-1,36.0883280757098,17.6,27.0277602523659,67.8864353312303,12.9683566760037,-1,0.174,-1,-1,0.343,0.245,-1,,0.44,0.56,-1,-1,0.231,3.3403,0.8815,2.6089,0.0549,-1,-1,-1,-1,-1,-1,-1,0.02,20000,0.735,5.982,24.499,11.719,7.54,24.598,56.283,63.921,15.37,19.624,24.458,20.512,20.456,17.513,13.318,3.731,330.259
ALTO,1352,7.41201201201201,0.103903903903904,5.42222222222222,19.1291291291291,20111.1111111111,0.001741741741742,24.3603603603604,9.17477477477478,28.0018018018018,57.4174174174174,14.6026392468576,0.137,0.144,-1,-1,0.188,0.247,-1,,0.08,0.471,-1,-1,0.205,1.5296,0.8085,2.838,0.075,-1,-1,-1,-1,0.03,-1,-1,0.08,15000,1.215,4.126,16.404,1.472,1.105,5.591,48.857,51.006,12.716,17.191,25.514,17.408,18.488,27.958,20.769,7.17,276.99
ASSENTE,2121.93370165746,9.47375690607735,0.049447513812155,5.80110497237569,6.65745856353591,10154.6961325967,0.048121546961326,12.9558011049724,4.25138121546961,27.4566298342541,33.646408839779,0.542730795826705,0.23,0.199,0.05,0.05,0.167,0.207,0.05,0.05,0.281,0.338,0.05,0.05,0.152,0.5634,0.3151,0.2594,0,0,0,0,0,0,0,0,0,0,7.157,3.128,16.093,42.105,1.746,3.69,19.258,21.118,10.606,12.763,13.853,12.967,14.044,10.793,10.99,2.143,202.454
BASSO,2644.01812688822,10.9392749244713,0.041993957703928,6.55891238670695,3.50453172205438,6845.92145015106,0.038489425981873,6.94864048338368,2.35921450151057,17.7114803625378,8.06646525679758,2.24454175063746,0.05,0.124,0.05,0.05,0.05,0.05,0.05,0.05,0.05,0.05,0.05,0.05,0.05,0.0928,0.0469,0.0964,0,0,0,0,0,0,0,0,0,0,7.462,4.195,22.299,10.205,0.858,1.505,44.268,51.647,20.274,26.431,20.971,21.559,21.449,12.68,12.239,3.039,281.081
BASSO,1251.28133704735,10.8966573816156,0.039275766016713,4.67688022284123,2.0891364902507,6027.85515320334,0.036211699164345,16.100278551532,1.87353760445682,14.5696378830084,4.73537604456825,6.76929588593512,0.105,0.118,0.05,0.05,0.05,0.05,0.05,0.05,0.05,0.05,0.05,0.05,0.05,0,0,0.0519,0,0,0,0,0,0,0,0,0,0,1.542,0.588,11.925,1.551,0.447,12.779,2.084,6.663,1.031,3.545,1.305,1.713,1.559,1.559,1.349,0.276,49.916
BASSO,1608.63888888889,10.0813888888889,0.056666666666667,10.9388888888889,2.61111111111111,5658.33333333333,0.035722222222222,12.1388888888889,2.72861111111111,19.1902777777778,4.47222222222222,5.62,0.146,0.132,0.05,0.05,0.05,0.05,0.05,0.05,0.05,0.05,0.05,0.05,0.05,0,0,0.0697,0,0,0,0,0,0,0,0,0,0,6.8,0.1,9.942,0.493,0.1,5.646,2.182,1.141,0.1,0.365,0.1,0.1,0.1,0.1,0.1,0.1,27.469
ALTO,947.141104294479,5.83588957055215,0.093251533742331,4.31165644171779,11.3803680981595,14708.5889570552,0.00398773006135,16.8588957055215,16.240490797546,36.2733128834356,73.7116564417178,14.3978122816868,0.446,0.591,-1,-1,0.985,0.783,-1,,0.852,1.26,-1,-1,0.527,0.5781,0.4689,2.0631,0.0377,-1,-1,-1,-1,-1,-1,-1,0.05,15000,0.084,10.718,29.905,2.857,4.015,8.162,65.075,71.79,29.743,32.674,40.412,38.938,37.459,35.707,27.51,7.376,442.425
ALTO,1267.30699088146,8.21793313069909,0.09483282674772,5.53434650455927,13.7082066869301,19057.7507598784,-1,28.3525835866261,14.2079027355623,26.8838905775076,58.5106382978723,23.8632257815366,0.262,0.317,-1,-1,0.543,0.621,-1,,1.04,1.181,0.135,-1,0.907,0.7456,0.4954,1.4157,-1,-1,-1,-1,-1,-1,-1,-1,0.07,32000,0.634,2.027,9.961,0.759,0.926,2.633,27.886,31.789,7.283,10.394,14.722,10.311,10.429,11.694,9.609,2.383,153.44
ASSENTE,3194.95548961424,8.14154302670623,0.035311572700297,18.4718100890208,3.85756676557863,8789.3175074184,0.038160237388724,14.6884272997033,2.42967359050445,24.3080118694362,7.83382789317507,2.21711625707533,0.05,0.05,0.05,0.05,0.05,0.05,0.05,0.05,0.05,0.05,0.05,0.05,0.05,0,0,0.2961,0,0,0,0,0,0,0,0,0,5800,0.67,0.1,11.92,0.1,1.7,0.65,1.148,0.641,0.1,0.652,0.905,0.1,0.589,0.1,0.263,0.1,19.738
MEDIO,8973.2298136646,9.52142857142857,0.05527950310559,7.19565217391304,11.9565217391304,17875.7763975155,0.06583850931677,19.4099378881988,6.70931677018634,54.1841614906832,40.776397515528,9.30647123015517,0.05,0.169,0.05,0.05,0.066,0.05,0.05,0.05,0.164,0.25,0.05,0.05,0.25,0.8061,0.2068,0.5479,0,0,0,0,0,0,0,0,0,11700,0.1,4.3,23.138,0.4,0.1,4.4,31.209,31.46,17.738,18.871,32.21,26.034,32.179,21.327,19.396,4.447,267.309
MOLTO ALTO,24010.0558659218,4.70586592178771,0.086312849162011,4.28491620111732,16.145251396648,21343.5754189944,0.048435754189944,33.9944134078212,6.15782122905028,54.9720670391062,47.8212290502793,1.99957823774959,0.05,0.05,0.05,0.05,0.05,0.05,0.05,0.05,0.05,0.05,0.05,0.05,0.05,0,0,10.1068,0,0,0,0,0,0,0,0,0,0,0.6,0.1,12.966,1.276,0.5,2.3,1.883,1,0.281,1.074,3.72,0.377,2.216,0.302,0.405,0.1,29.1
BASSO,4383.69318181818,10.9613636363636,0.041761363636364,4.11079545454546,4.00568181818182,8463.06818181818,0.037215909090909,12.2443181818182,3.10596590909091,26.1829545454545,12.2727272727273,5.86,0.05,0.05,0.05,0.05,0.05,0.05,0.05,0.05,0.05,0.05,0.05,0.05,0.05,0,0.0285,0.1826,0,0,0,0,0,0,0,0,0,0,6.248,1.274,75.505,0.8,0.6,3.5,7.646,6.297,3.806,6.806,12.759,3.747,12.168,3.818,3.4,0.914,149.288
ASSENTE,1114.55331412104,10.7613832853026,0.040345821325648,3.49279538904899,2.39193083573487,5962.53602305476,0.037521613832853,19.1066282420749,2.15417867435159,15.8250720461095,2.10374639769452,1.68102754185493,0.05,0.05,0.05,0.05,0.05,0.05,0.05,0.05,0.05,0.05,0.05,0.05,0.05,0,0,0.0835,0,0,0,0,0,0,0,0,0,0,0.63,0.347,42.804,0.1,0.7,8.1,2.648,1.322,0.44,1.636,1.7,0.37,1.314,0.363,0.368,0.1,62.942
ASSENTE,959.047619047619,8.88511904761905,0.037797619047619,5.13988095238095,1.875,4910.71428571429,0.035,12.2619047619048,1.9922619047619,12.3190476190476,2.20238095238095,1.72241530447549,0.05,0.05,0.05,0.05,0.05,0.05,0.05,0.05,0.05,0.05,0.05,0.05,0.05,0.0342,0.0656,0.1873,0,0,0,0,0,0,0,0,0,0,0.8,2.5,30.2,0.4,0.2,3.3,25.364,9.546,0.549,5.809,6.317,0.429,3.268,0.451,0.374,0.1,89.607
ASSENTE,2073.91176470588,8.08588235294118,0.038235294117647,5.92058823529412,3.35294117647059,6558.82352941176,0.034352941176471,11.0294117647059,2.22411764705882,19.7832352941177,8.23529411764706,2.41773814667898,0.05,0.05,0.05,0.05,0.05,0.05,0.05,0.05,0.124,0.144,0.05,0.05,0.113,0,0,0.1562,0,0,0,0,0,0,0,0,0,0,0.7,0.1,11.942,0.579,0.9,0.5,2.032,0.8,0.1,0.965,1.218,0.1,0.787,0.231,0.228,0.1,21.282
ALTO,1569.27687296417,7.56091205211726,0.107817589576547,6.38436482084691,20.7166123778502,20788.2736156352,-1,25.6416938110749,14.5798045602606,47.3638436482085,63.3550488599349,15.2384295241438,-1,0.142,-1,-1,0.275,0.267,-1,,0.426,0.474,-1,-1,0.252,0.5976,0.4845,2.001,0.0213,-1,-1,-1,-1,-1,-1,-1,0.07,14000,0.813,4.448,7.084,0.901,0.955,2.429,29.988,33.974,8.689,12.48,14.374,13.908,11.516,13.201,10.986,2.448,168.194
ALTO,1419.38461538462,7.00416666666667,0.1,6.77179487179487,21.4423076923077,20250,-1,26.8205128205128,13.2948717948718,31.2785256410256,60.1602564102564,3.65788153300147,0.272,0.198,-1,-1,0.186,0.287,-1,,0.487,0.595,-1,-1,-1,1.1447,0.6006,2.4926,0.0285,-1,-1,-1,-1,-1,0.02,-1,0.09,2100,0.08,4.114,13.372,2.791,1.587,6.605,64.215,76.139,21.177,23.036,26.704,25.66,25.484,17.919,16.764,4.094,329.741
ASSENTE,2993.24074074074,8.81697530864198,0.065123456790123,9.58024691358025,13.858024691358,13546.2962962963,0.058024691358025,27.3148148148148,6.68827160493827,37.4503086419753,33.1172839506173,1.74494673078052,0.05,0.05,0.05,0.05,0.103,0.117,0.05,0.05,0.195,0.242,0.05,0.05,0.105,0.31,0.212,0.7976,0,0,0,0,0,0,0,0,0,5800,0.7,0.917,7.438,13.563,0.6,2.1,17.285,18.421,5.559,7.111,9.746,6.466,8.8,6.004,6.219,1.415,112.344
TRASCURABILE,1400.36827195467,10.7793201133144,0.044759206798867,3.8385269121813,3.51274787535411,7368.27195467422,0.039206798866856,11.5297450424929,2.85325779036827,18.2589235127479,11.3031161473088,2.49779098392111,0.05,0.05,0.05,0.05,0.05,0.05,0.05,0.05,0.05,0.05,0.05,0.05,0.05,0,0.02,0.089,0,0,0,0,0,0,0,0,0,6200,0.7,2.398,96.712,1.561,1.2,1.6,1.527,0.931,0.343,1.032,6.267,0.504,4.716,0.429,0.415,0.1,120.435
ASSENTE,1251.19402985075,10.4513432835821,0.040597014925373,3.72835820895522,1.82089552238806,5740.29850746269,0.038567164179105,11.6417910447761,2.02716417910448,14.489552238806,3.46268656716418,1.76144067134675,0.05,0.05,0.05,0.05,0.05,0.05,0.05,0.05,0.05,0.05,0.05,0.05,0.05,0,0,0.0653,0,0,0,0,0,0,0,0,0,0,1.2,0.621,3.744,26.98,2.4,0.9,2.546,1.993,0.938,2.495,12.659,4.828,7.521,13.139,11.885,1.846,95.695
ASSENTE,1512.08333333333,7.58083333333333,0.043888888888889,3.60277777777778,2.61111111111111,5805.55555555556,0.0355,10.9722222222222,2.17888888888889,14.15,1.36111111111111,1.98480890093794,0.05,0.05,0.05,0.05,0.05,0.05,0.05,0.05,0.05,0.05,0.05,0.05,0.05,0.0367,0.0732,0.1478,0,0,0,0,0,0,0,0,0,0,2.191,0.1,5.622,3.767,1.661,5.4,2.144,1.056,0.1,1.385,2.645,0.1,1.984,0.566,0.407,0.1,29.228
ALTO,1040.10158730159,6.26603174603175,0.067936507936508,2.93587301587302,9.52380952380952,15704.7619047619,-1,13.1301587301587,8.50539682539683,18.4276190476191,37.7777777777778,17.4924706799971,0.112,0.133,-1,-1,0.144,0.192,-1,,0.269,0.332,-1,-1,0.181,0.3704,0.259,0.991,-1,-1,-1,-1,-1,-1,-1,-1,0.04,14000,0.346,13.781,27.187,2.221,1.087,4.524,106.655,103.248,31.356,32.105,34.808,39.529,34.905,32.273,24.634,6.289,494.948
ALTO,1648.28571428571,8.47527472527472,0.101373626373626,7.81098901098901,20.0824175824176,21271.978021978,0.003241758241758,30.3516483516484,14.7010989010989,25.039010989011,62.1428571428571,5.22067505354217,-1,-1,-1,-1,-1,-1,-1,,-1,-1,-1,-1,-1,0.9146,0.6234,1.8892,0.0323,-1,-1,-1,-1,-1,-1,-1,0.12,19000,0.261,2.893,13.848,1.153,1.015,4.619,33.065,36.257,7.816,11.043,14.225,11.737,11.114,10.272,9.75,2.082,171.15
MEDIO,24420.3105590062,3.61211180124224,0.075155279503106,18.8260869565217,15.8385093167702,23524.8447204969,0.044534161490683,36.2422360248447,7.65155279503106,73.5568322981367,47.9503105590062,1.7089363249407,0.05,0.05,0.05,0.05,0.05,0.05,0.05,0.05,0.05,0.05,0.05,0.05,0.05,0,0,1.5434,0,0,0,0,0,0,0,0,0,11000,4.293,0.1,3.953,1.14,3.66,18.891,1.228,0.507,0.1,0.584,0.847,0.1,0.48,0.215,0.215,0.1,36.413
MOLTO ALTO,8583.57827476038,11.979552715655,0.054952076677316,11.3865814696486,11.4376996805112,16095.8466453674,0.056613418530351,24.3130990415335,6.41501597444089,37.8849840255591,35.0159744408946,1.63888097489947,0.05,0.05,0.05,0.05,0.05,0.05,0.05,0.05,0.05,0.05,0.05,0.05,0.05,0.1263,0.1101,0.46,0,0,0,0,0,0,0,0,0,7000,3.543,24.845,125.919,78.68,12.3,128.387,300.192,288.305,81.452,83.841,96.691,90.916,101.827,61.229,53.483,13.577,1545.187
ASSENTE,3484.77142857143,10.17,0.042285714285714,6.02285714285714,3.8,8917.14285714286,0.04,14.8,3.24457142857143,27.492,11.7714285714286,1.52023931603231,0.05,0.05,0.05,0.05,0.05,0.05,0.05,0.05,0.05,0.05,0.05,0.05,0.05,0,0,0.0762,0,0,0,0,0,0,0,0,0,7900,6.335,0.1,6.7,2.382,1.1,4.5,2.009,1.704,0.805,1.177,2.505,1.013,2.059,0.941,1.052,0.1,34.482
ASSENTE,1569.58904109589,10.5742465753425,0.04,4.22739726027397,2.3013698630137,6243.83561643836,0.036328767123288,10,1.93945205479452,18.1,5.89041095890411,2.12976647711331,0.05,0.05,0.05,0.05,0.05,0.05,0.05,0.05,0.05,0.05,0.05,0.05,0.05,0,0,0.0561,0,0,0,0,0,0,0,0,0,9400,1.693,0.1,2.305,0.1,2.526,7.212,0.848,0.411,0.1,0.316,0.209,0.1,0.1,0.1,0.1,0.1,16.32
ASSENTE,3192.08955223881,7.34253731343284,0.04228855721393,5.50497512437811,3.40796019900498,7288.55721393035,0.032139303482587,13.0099502487562,2.47462686567164,23.2388059701493,8.55721393034826,0.525568906225001,0.05,0.05,0.05,0.05,0.05,0.05,0.05,0.05,0.05,0.05,0.05,0.05,0.05,0,0,0.0633,0,0,0,0,0,0,0,0,0,5800,3.907,0.1,2.66,0.384,4.752,13.3,0.749,0.33,0.1,0.326,0.663,0.1,0.337,0.1,0.1,0.1,28.008
ASSENTE,2540.02717391304,8.65679347826087,0.039673913043478,4.57336956521739,2.55434782608696,5978.26086956522,0.034510869565217,11.7119565217391,2.13994565217391,0.482608695652174,6.52173913043478,2.41702551443604,0.05,0.05,0.05,0.05,0.05,0.05,0.05,0.05,0.05,0.05,0.05,0.05,0.05,0,0,0.0549,0,0,0,0,0,0,0,0,0,6600,0.899,0.1,3.379,0.403,0.389,0.959,0.953,0.424,0.1,0.271,0.216,0.1,0.1,0.1,0.1,0.1,8.593
MOLTO ALTO,1538.42222222222,7.92305555555556,0.112777777777778,6.17777777777778,22.7222222222222,20447.2222222222,0.011611111111111,23.0444444444444,14.6533333333333,41.9397222222222,66.6666666666667,14.0864198420724,0.236,0.13,-1,-1,0.356,0.311,-1,,0.61,0.755,0.105,-1,0.381,0.8894,0.8846,4.8798,0.0295,-1,-1,-1,-1,-1,-1,-1,0.09,-1,0.27,7.578,17.102,1.859,1.208,3.494,66.438,75.01,23.373,30.848,38.839,40.501,35.916,27.876,20.544,5.725,396.581
ALTO,1450.10101010101,5.41346801346801,0.105050505050505,5.4976430976431,18.8215488215488,20026.936026936,-1,26.989898989899,10.7259259259259,27.0555555555556,51.9191919191919,9.66864556774266,0.229,0.14,-1,-1,0.344,0.304,-1,,0.576,0.627,-1,-1,0.308,0.8661,0.6144,1.9581,0.0257,-1,-1,-1,-1,-1,-1,-1,0.12,18000,0.727,7.728,16.766,3.18,1.937,4.259,88.399,94.006,25.763,28.657,32.189,35.821,29.891,28.379,21.975,5.341,425.018
BASSO,14118.4789644013,6.43236245954693,0.055987055016181,14.6051779935275,14.0129449838188,16841.4239482201,0.067313915857605,27.7022653721683,7.00873786407767,64.5796116504854,41.8446601941748,6.86176809046315,0.05,0.124,0.05,0.05,0.204,0.182,0.05,0.05,0.255,0.399,0.05,0.05,0.167,0.3883,0.3073,0.9633,0,0,0,0,0,0,0,0,0,16600,4.005,1.228,9.241,1.42,1.096,6.211,16.377,18.179,6.034,7.976,9.952,7.135,9.312,6.322,7.4,1.46,113.348
MEDIO,1835.5,13.0061764705882,0.044705882352941,5.62352941176471,3.55882352941176,8058.82352941176,0.038705882352941,14.6176470588235,2.88764705882353,23.9641176470588,8.05882352941176,5.78,0.05,0.05,0.05,0.05,0.05,0.05,0.05,0.05,0.05,0.05,0.05,0.05,0.05,0,0,0.0658,0,0,0,0,0,0,0,0,0,7100,0.1,0.1,3.144,0.1,0.616,1.634,1.259,0.773,0.328,0.71,1.97,0.421,1.68,0.5,0.51,0.1,13.945
ASSENTE,1092.38461538462,11.3566666666667,0.038974358974359,3.45128205128205,1.56410256410256,5815.38461538462,0.032512820512821,9.12820512820513,2.08179487179487,15.5212820512821,5.94871794871795,1.94560022363888,0.05,0.05,0.05,0.05,0.05,0.05,0.05,0.05,0.05,0.05,0.05,0.05,0.05,0,0.0385,0.1019,0,0,0,0,0,0,0,0,0,0,0.592,0.89,17.686,0.812,0.392,1.595,55.157,132.892,4.439,7.069,10.051,13.337,12.579,10.492,34.367,1.491,303.841
ASSENTE,1932.74626865672,7.7644776119403,0.043283582089552,5.05373134328358,2.05970149253731,5883.58208955224,0.035283582089552,10.1194029850746,2.0689552238806,15.985671641791,5.64179104477612,1.44856092555887,0.05,0.05,0.05,0.05,0.05,0.05,0.05,0.05,0.05,0.05,0.05,0.05,0.05,0,0,0.1072,0,0,0,0,0,0,0,0,0,0,1.278,0.295,2.549,0.1,0.363,0.574,3.097,3.418,3.31,5.028,9.86,6.633,10.087,6.362,8.096,0.92,61.97
MEDIO,1237.34169278997,7.59028213166144,0.087460815047022,2.98683385579937,7.61755485893417,12175.5485893417,-1,12.58934169279,11.4407523510972,24.4510971786834,35.3605015673981,17.1305932961663,0.148,0.124,-1,-1,0.085,0.129,-1,,0.15,0.224,-1,-1,0.101,0.3183,0.1884,0.4598,-1,-1,-1,-1,-1,-1,-1,-1,0.02,-1,0.875,2.942,10.224,0.356,1.115,2.209,20.936,29.9,5.567,7.816,8.903,8.162,7.275,6.477,6.012,1.277,120.046
MEDIO,1518.21383647799,6.83710691823899,0.124213836477987,5.42893081761006,22.5471698113208,12311.320754717,0.015471698113208,28.6792452830189,11.7308176100629,29.2896226415094,61.0062893081761,6.87500599871388,-1,0.147,-1,-1,0.29,0.264,-1,,0.532,0.529,-1,-1,0.304,0.8879,0.5683,1.9604,0.024,-1,-1,-1,-1,-1,-1,-1,0.11,-1,1.015,4.422,11.609,0.927,1.104,2.887,39.138,40.557,10.31,13.728,17.593,16.073,14.404,13.722,11.705,2.826,202.02
MEDIO,24488.3333333333,3.78805555555556,0.065,17.0166666666667,11.3055555555556,20961.1111111111,0.041333333333333,28.2222222222222,5.65583333333333,53.8111111111111,36.1111111111111,2.28885604534789,0.05,0.05,0.05,0.05,0.05,0.05,0.05,0.05,0.05,0.05,0.05,0.05,0.05,0,0.3992,4.5997,0,0,0,0,0,0,0,0,0,7000,0.512,0.532,5.141,0.364,0.327,1.11,7.606,8.604,3.622,5.033,5.29,6.309,7.876,4.115,5.623,0.542,62.606
MEDIO,11182.8912466844,7.86737400530504,0.071087533156499,12.7771883289125,12.0689655172414,15923.0769230769,0.079575596816976,22.8912466843501,6.48302387267905,64.5005305039788,36.763925729443,0.67406279211731,0.05,0.264,0.05,0.05,0.646,0.39,0.05,0.05,0.721,0.735,0.05,0.05,0.375,1.395,1.0681,1.2832,0,0,0,0,0,0,0,0,0,13000,0.518,2.482,2.16,0.427,0.875,0.3,4.3,68.477,1.2,1.6,2.7,2.2,2.45,2.9,4,0.6,97.189
ASSENTE,2925.78666666667,11.1093333333333,0.0424,5.00533333333333,2.93333333333333,7368,0.033653333333333,10.8,2.524,21.3346666666667,8.29333333333333,1.64086958129381,0.05,0.05,0.05,0.05,0.05,0.05,0.05,0.05,0.05,0.05,0.05,0.05,0.05,0,0.0187,0.1172,0,0,0,0,0,0,0,0,0,0,0.477,0.1,3.246,0.1,0.317,1.214,2.594,2.896,1.208,2.098,2.458,2.119,3.184,1.694,2.543,0.211,26.459
ASSENTE,1674.20895522388,9.9089552238806,0.043880597014925,4.35223880597015,2.41791044776119,5874.62686567164,0.03689552238806,10.3582089552239,2.14507462686567,18.5268656716418,5.13432835820895,1.69551072440809,0.05,0.05,0.05,0.05,0.05,0.05,0.05,0.05,0.05,0.05,0.05,0.05,0.05,0,0,0.0825,0,0,0,0,0,0,0,0,0,0,0.391,0.1,1.7,0.1,0.1,0.307,1.144,0.963,0.481,0.862,0.907,0.557,1.06,0.458,0.781,0.1,10.011
ASSENTE,1520.12012012012,8.96156156156156,0.04024024024024,4.18018018018018,2.79279279279279,5567.56756756757,0.036396396396396,6.12612612612613,2.05195195195195,17.6162162162162,4.86486486486486,2.14795343681302,0.05,0.05,0.05,0.05,0.05,0.05,0.05,0.05,0.05,0.05,0.05,0.05,0.05,0,0.0265,0.1463,0,0,0,0,0,0,0,0,0,0,0.391,0.1,1.7,0.1,0.1,0.307,1.144,0.963,0.481,0.862,0.907,0.557,1.06,0.458,0.781,0.1,10.011
ASSENTE,8578.36734693878,6.11603498542274,0.049562682215743,10.6268221574344,13.3819241982507,12067.055393586,0.041516034985423,15.3935860058309,3.77959183673469,44.2154518950437,12.8862973760933,0.905508593161902,0.05,0.05,0.05,0.05,0.05,0.05,0.05,0.05,0.05,0.05,0.05,0.05,0.05,0,0,0.8859,0,0,0,0,0,0,0,0,0,0,0.337,0.1,1.607,0.1,0.352,0.388,1.273,1.258,0.589,1.056,1.241,0.843,1.726,0.72,1.474,0.1,13.164
MEDIO,1749.16721311475,6.86032786885246,0.119672131147541,6.17180327868853,21.4098360655738,21685.2459016393,0.003540983606557,26.6491803278689,15.7403278688525,46.8229508196721,66.1639344262295,-1,-1,0.131,-1,-1,0.321,0.259,-1,,0.438,0.588,-1,-1,0.267,0.8133,0.6923,2.2278,-1,-1,-1,-1,-1,-1,-1,-1,0.07,-1,0.789,1.677,8.179,0.511,0.993,2.555,24.413,33.662,6.989,10.294,12.678,10.385,9.297,8.749,8.232,1.695,141.098
ALTO,1420.96551724138,6.61097178683386,0.150470219435737,6.42758620689655,21.8808777429467,13564.263322884,0.006457680250784,30.3197492163009,15.7366771159875,35.2771159874608,66.6457680250784,31.4410327471318,0.249,0.151,-1,-1,0.285,0.247,-1,,0.46,0.549,-1,-1,0.234,0.6984,0.6051,2.0089,0.0413,-1,-1,-1,-1,0.02,-1,-1,0.1,25000,0.847,4.345,10.428,1.345,1.409,4.533,35.453,40.763,10.024,13.812,16.562,16.761,14.209,12.664,11.481,2.433,197.069
BASSO,3412.67973856209,9.57843137254902,0.066993464052288,8.10130718954248,2.51633986928105,13496.7320261438,0.059934640522876,21.5032679738562,6.7859477124183,24.7843137254902,22.9738562091503,1.03377702766652,0.05,0.317,0.05,0.05,0.181,0.223,0.05,0.05,0.359,0.423,0.05,0.05,0.05,0.4104,0.3724,1.1352,0,0,0,0,0,0,0,0,0,12000,5.251,1.289,9.809,8.491,0.361,14.361,16.453,15.862,5.661,7.853,9.169,6.774,7.329,9.349,9.021,2.107,129.14
ASSENTE,1734.38953488372,10.896511627907,0.03546511627907,4.45639534883721,1.48255813953488,6406.97674418605,0.038837209302326,7.44186046511628,2.21075581395349,19.1078488372093,1.77325581395349,1.92938882601201,0.13,0.156,0.05,0.05,0.05,0.05,0.05,0.05,0.05,0.05,0.05,0.05,0.05,0,0,0.0488,0,0,0,0,0,0,0,0,0,0,0.633,0.1,2.437,0.1,0.1,1.006,0.468,0.555,0.1,0.3,0.308,0.1,0.219,0.212,0.251,0.1,6.989
ASSENTE,1505.05586592179,9.34972067039106,0.035474860335196,4.04748603351955,8.71508379888268,5902.23463687151,0.034916201117318,5.6145251396648,2.11173184357542,16.7745810055866,7.72346368715084,1.27934259383606,0.05,0.115,0.05,0.05,0.05,0.05,0.05,0.05,0.05,0.05,0.05,0.05,0.05,0,0,0.0476,0,0,0,0,0,0,0,0,0,7700,0.278,0.1,1.69,0.1,0.1,0.65,0.237,0.352,0.1,0.1,0.1,0.1,0.1,0.1,0.1,0.1,4.307
BASSO,568.314754098361,7.76295081967213,0.056065573770492,2.11147540983607,3.44262295081967,10219.6721311475,-1,12.0655737704918,10.4786885245902,30.4147540983607,27.4754098360656,7.35503375589099,-1,-1,-1,-1,-1,-1,-1,,-1,-1,-1,-1,-1,-1,0.0255,0.1305,-1,-1,-1,-1,-1,-1,-1,-1,-1,-1,0.379,0.718,4.735,0.372,0.813,1.845,4.811,6.04,1.652,2.54,3.004,2.283,2.404,1.937,1.825,0.365,35.723
ALTO,2786.89783281734,8.24767801857585,0.098761609907121,6.83839009287926,21.733746130031,19795.6656346749,0.003962848297214,20.656346749226,15.3015479876161,45.5452012383901,62.9102167182663,10.7800210374574,0.32,0.188,-1,-1,0.321,0.295,-1,,0.505,0.615,-1,-1,0.298,0.9913,0.6833,2.6556,0.0233,-1,-1,-1,-1,-1,-1,-1,0.12,-1,0.099,5.999,15.157,2.434,1.5,4.656,52.832,68.837,17.161,22.121,31.778,29.735,27.72,21.354,16.255,4.13,321.768
BASSO,7932.8328611898,9.33456090651558,0.048441926345609,10.5722379603399,1.86968838526912,13186.9688385269,0.045439093484419,15.5807365439094,5.08328611898017,44.0192634560907,25.2691218130312,4.16030878529544,0.05,0.05,0.05,0.05,0.136,0.196,0.05,0.05,0.319,0.414,0.05,0.05,0.273,0.3285,0.6576,1.6021,0,0,0,0,0,0,0,0,0,8000,0.721,1.105,15.25,0.278,0.397,2.468,29.402,61.3,3.955,6.578,8.837,7.177,5.91,8.608,20.666,1.189,173.841
ASSENTE,2224.83679525223,11.0181008902077,0.040949554896142,4.81899109792285,1.78041543026706,6818.99109792285,0.037329376854599,7.00296735905044,2.64955489614243,20.6741839762611,1.48367952522255,1.43986395512129,0.05,0.05,0.05,0.05,0.05,0.05,0.05,0.05,0.05,0.05,0.05,0.05,0.05,0,0.3946,0.6375,0,0,0,0,0,0,0,0,0,0,0.714,0.282,4.815,0.1,0.364,0.572,3.38,4.814,0.365,0.871,0.839,0.497,0.856,0.556,1.912,0.1,21.037
TRASCURABILE,1569.14893617021,12.3130699088146,0.037993920972644,4.01823708206687,1.58054711246201,5878.41945288754,0.040121580547113,6.13981762917933,1.96200607902736,17.0863221884498,7.94224924012158,1.20614991350426,0.05,0.05,0.05,0.05,0.05,0.05,0.05,0.05,0.103,0.164,0.05,0.05,0.175,0,0.4875,0.5269,0,0,0,0,0,0,0,0,0,0,0.554,0.1,3.989,0.212,2.551,1.921,2.725,6.343,0.306,0.898,0.783,0.429,0.81,0.624,2.442,0.1,24.787
ASSENTE,2072.74336283186,8.8716814159292,0.038938053097345,4.12684365781711,12.1238938053097,5604.7197640118,0.037522123893805,5.95870206489675,1.90825958702065,14.9982300884956,7.19469026548673,1.52596559582937,0.05,0.05,0.05,0.05,0.05,0.05,0.05,0.05,0.05,0.107,0.05,0.05,0.162,0,0.6918,0.6815,0,0,0,0,0,0,0,0,0,6700,1.07,0.311,4.92,0.38,0.515,0.621,4.227,9.74,0.426,1.061,1.002,0.788,1.28,0.886,3.807,0.1,31.134
ASSENTE,1212.47838616715,8.66945244956772,0.038616714697406,4.01729106628242,12.3919308357349,5792.50720461095,0.036253602305476,7.63688760806917,2.25648414985591,15.9095100864553,0.605187319884726,2.03844456653949,0.05,0.05,0.05,0.05,0.05,0.05,0.05,0.05,0.05,0.05,0.05,0.05,0.145,0.0304,0.6897,0.8405,0,0,0,0,0,0,0,0,0,10500,2.3,0.1,5,0.2,1.2,0.3,2.2,15.666,0.6,1.4,1.3,0.8,2.1,1.342,2.3,0.1,36.908
ASSENTE,9248.6943620178,5.70089020771513,0.077448071216617,10.919881305638,6.14243323442136,16818.9910979229,0.052640949554896,25.1632047477745,5.54391691394659,37.4765578635015,37.5370919881306,0.885966987744117,0.05,0.05,0.05,0.05,0.05,0.05,0.05,0.05,0.05,0.107,0.05,0.05,0.1125,0,0.44105,0.5822,0,0,0,0,0,0,0,0,0,5700,0.634,0.191,4.402,0.156,1.4575,1.2465,3.0525,5.5785,0.3355,0.8845,0.811,0.463,0.833,0.59,2.177,0.1,22.912
